/*
SQLyog Community- MySQL GUI v8.22 
MySQL - 5.0.32-Debian_7etch6 : Database
*********************************************************************
*/


/*!40101 SET NAMES utf8 */;

/*!40101 SET SQL_MODE=''*/;

/*!40014 SET @OLD_UNIQUE_CHECKS=@@UNIQUE_CHECKS, UNIQUE_CHECKS=0 */;
/*!40014 SET @OLD_FOREIGN_KEY_CHECKS=@@FOREIGN_KEY_CHECKS, FOREIGN_KEY_CHECKS=0 */;
/*!40101 SET @OLD_SQL_MODE=@@SQL_MODE, SQL_MODE='NO_AUTO_VALUE_ON_ZERO' */;
/*!40111 SET @OLD_SQL_NOTES=@@SQL_NOTES, SQL_NOTES=0 */;
/*Table structure for table `klijent` */

DROP TABLE IF EXISTS `klijent`;

CREATE TABLE `klijent` (
  `sifKlijent` int(11) default NULL,
  `imeKlijent` varchar(255) collate cp1250_croatian_ci default NULL,
  `prezimeKlijent` varchar(255) collate cp1250_croatian_ci default NULL,
  `pbrKlijent` int(11) default NULL,
  `pbrReg` int(11) default NULL,
  `datUnosKlijent` date default NULL,
  `jmbgKlijent` varchar(50) collate cp1250_croatian_ci default NULL,
  UNIQUE KEY `sifKlijent` (`sifKlijent`),
  KEY `NewIndex1` (`pbrKlijent`),
  KEY `NewIndex2` (`pbrReg`)
) ENGINE=InnoDB DEFAULT CHARSET=cp1250 COLLATE=cp1250_croatian_ci AVG_ROW_LENGTH=46 CHECKSUM=1 DELAY_KEY_WRITE=1 ROW_FORMAT=DYNAMIC;

/*Data for the table `klijent` */

insert  into `klijent`(`sifKlijent`,`imeKlijent`,`prezimeKlijent`,`pbrKlijent`,`pbrReg`,`datUnosKlijent`,`jmbgKlijent`) values (1137,'Jure','Ribarić',22000,22000,'1986-10-29','2910986392304'),(1139,'Niko','Marušić',48000,48000,'1987-08-19','1908987173977'),(1140,'Davor','Vurnek',20000,20000,'1987-10-26','2610987300802'),(1141,'Zoran','Habajec',21000,21000,'1987-07-22','2207987301807'),(1143,'Davor','Voras',20000,10000,'0000-00-00',''),(1144,'Zvonimir','Ozimec',21000,21000,'1988-10-04','0410988390015'),(1145,'Jurica','Bašić',10000,10000,'1988-07-02','0207988361605'),(1147,'Alenka','Vukojević',21000,21000,'1988-06-10','1006988311906'),(1148,'Antonijo','Javorina',10000,10000,'1987-07-13','1307987330068'),(1149,'Nikola','Bačić',20000,10000,'1987-04-05','0504987330122'),(1151,'Karlo','Krsnik',10010,10000,'1987-08-15','1508987320522'),(1152,'Božidar','Tomić',20250,20250,'1988-08-03','0308988395074'),(1153,'Josip','Dukić',21270,10000,'1988-06-19','1906988330111'),(1155,'Davorin','Mirković',32100,32100,'1988-06-30','3006988307804'),(1156,'Nikolina','Medvedec',34340,10370,'1988-01-24','2401988381508'),(1157,'Nina','Cnappi',44320,10000,'1988-05-19','1905988390005'),(1159,'Katarina','Dobrina',52420,10000,'1988-02-15','1502988330169'),(1160,'Majo','Musić',10450,10000,'1987-10-24','2410987303508'),(1161,'Davor','Jurinjak',23250,10000,'1988-05-19','1905988330103'),(1163,'Davorka','Smolić-Grgić',43280,10000,'1988-06-23','2306988391817'),(1169,'Dubravko','Vaniček',42000,10000,'1987-11-24','2411987320539'),(1170,'Denis','Pauk',31000,31000,'1988-04-07','0704988301819'),(1172,'Ninoslav','Novak',21000,10000,'1987-04-07','0704987383309'),(1173,'Gordan','Boršić',10000,20000,'1980-02-29','1902980334016'),(1174,'Edita','Domijan',47300,10000,'1988-06-17','1706988380029'),(1176,'Predrag','Žuljević',34000,10000,'1986-12-27','2712986320569'),(1177,'Kristian','Klarin',10000,10000,'1988-06-06','0606988330028'),(1178,'Kristijan','Vrabec',20000,10000,'1987-10-04','0410987361315'),(1180,'Iva','Mioč',21000,21000,'1988-01-28','2801988340008'),(1181,'Arsenio','Minić',10000,20000,'1987-09-14','1409987320508'),(1182,'Gorana','Božić',20000,20000,'1986-07-17','1707986340011'),(1184,'Tihomir','Fabris',10000,20000,'1987-09-05','0509987360058'),(1197,'Dominik','Hacek',10000,10000,'1988-04-08','0804988306801'),(1198,'Helena','Vidaković',21000,21000,'1987-08-28','2808987330057'),(1200,'Davor','Bunčec',21000,21000,'1987-05-02','0205987330124'),(1201,'Doris','Končar',10000,10000,'1988-05-28','2805988392713'),(1202,'Perica','Mikulec',21000,21000,'1987-04-07','0704987340304'),(1204,'Ksenija','Čular',51000,51000,'1988-08-06','0608988311207'),(1205,'Dragan','Vranešić',51000,10000,'1987-11-25','2511987330185'),(1206,'Jozefina','Blauhorn',51000,51000,'1988-06-06','0606988383925'),(1213,'Petra','Čuljak',47000,47000,'1987-12-20','2012987380051'),(1214,'Drago','Bartolinčić',40000,10000,'1988-05-22','2205988383309'),(1216,'Lidija','Leonard',43000,43000,'1987-11-06','0611987330036'),(1217,'Lovre','Huk',52000,52000,'1987-12-08','0812987370017'),(1218,'Majo','Hemetek',31000,31000,'1988-06-19','1906988340015'),(1219,'Predrag','Smirčić',21000,21000,'1988-03-13','1303988335145'),(1221,'Slavko','Prelec',10000,10000,'1988-06-23','2306988362104'),(1222,'Dragutin','Ladišić',34000,34000,'1987-12-12','1212987391826'),(1223,'Kristina','Rubinić',44000,10000,'1988-06-28','2806988335087'),(1225,'Mirko','Dubravić',32000,32000,'1987-08-02','0208987380043'),(1226,'Tin','Mikulaj',42000,42000,'1988-04-07','0704988392619'),(1227,'Dražen','Bošnjak',51000,51000,'1987-11-21','2111987340712'),(1229,'Vjeran','Brezovec',44000,10000,'1988-09-20','2009988330058'),(1230,'Predrag','Buljat',53000,53000,'1988-01-03','0301988320007'),(1231,'Lucija','Matijašević',32000,32000,'0000-00-00',''),(1233,'Renato','Stepinac',51000,51000,'1988-05-30','3005988300078'),(1234,'Ksenija','Pavišić',21000,10000,'1984-09-11','1109984330133'),(1235,'Lea','Kamenečki',10000,10000,'1988-01-26','2601988390007'),(1237,'Luka','Frankola',21000,21000,'1988-08-15','1508988320002'),(1238,'Tihomir','Crnković',10000,10000,'1987-06-19','1906987339303'),(1245,'Dujo Davor','Folnegović',10360,10000,'1987-11-02','0211987391518'),(1246,'Roko','Novosel',20340,10000,'1988-03-31','3103988335091'),(1247,'Alan','Pasanec',21450,10000,'1987-09-26','2609987330071'),(1249,'Maja','Belić',32280,10000,'1988-06-08','0806988330109'),(1262,'Maja','Šeremet',40000,10000,'1987-12-14','1412987311413'),(1263,'Davor','Plečko',42000,42000,'1988-01-02','0201988392729'),(1265,'Marija','Barbić',31000,31000,'1988-07-08','0807988330096'),(1266,'Eduard','Petrović',21000,21000,'1987-09-22','2209987383927'),(1267,'Adrijan','Vuković',44400,10000,'1986-07-08','0807986330073'),(1268,'Adrijana','Buršić',34000,10000,'1988-05-15','1505988320026'),(1270,'Nino','Triska',10000,10000,'1988-04-21','2104988334318'),(1271,'Marijan','Mirošević',20000,10000,'1988-08-23','2308988334008'),(1272,'Emil','Sertić',21000,10000,'1988-04-05','0504988820084'),(1274,'Silvestar','Sabljak',21000,10000,'1987-05-12','1205987335045'),(1275,'Dubravko','Toth',10000,10000,'1988-06-28','2806988361927'),(1276,'Filip','Jurić',20000,10000,'1988-04-30','3004988303209'),(1278,'Gordan','Dular',10000,20000,'1987-11-26','2611987317209'),(1279,'Martina','Krizmanić',20000,10000,'1988-01-07','0701988383921'),(1280,'Marin','Jurić',21000,10000,'1987-10-23','2310987311907'),(1282,'Alan','Matuna',20000,10000,'1988-01-29','2901988334042'),(1288,'Mirjana','Iveković',20000,20000,'1988-02-26','2602988320504'),(1290,'Slavica','Pavić',20000,22000,'1987-12-17','1712987321406'),(1291,'Gordan','Kačar',21000,21000,'1987-11-12','1211987330125'),(1292,'Juraj','Sabljak',10000,20000,'1988-02-23','2302988330075'),(1294,'Iva','Devčić',10000,10000,'1988-03-17','1703988330067'),(1295,'Frane','Plavetić',21000,10000,'1988-01-03','0301988330138'),(1296,'Slavko','Petreković',10000,20000,'1988-07-19','1907988330036'),(1298,'Marinko','Horvat',10000,20000,'1988-04-07','0704988390303'),(1299,'Davorka','Ilić',51000,51000,'1988-04-11','1104988380055'),(1300,'Alenka','Lozić',51000,51000,'1988-07-18','1807988330193'),(1302,'Lovre','Smiljanec',31000,10000,'1988-04-13','1304988381105'),(1303,'Juraj','Szirovicza',31000,31000,'1988-05-19','1905988330039'),(1304,'Mario','Babić',31000,10000,'1987-07-28','2807987381518'),(1306,'Helena','Octenjak',47000,47000,'1986-07-10','1007986330042'),(1307,'Franjo','Zdilar',47000,10000,'1987-09-13','1309987330314'),(1308,'Stipe','Pugelnik',22000,22000,'1987-11-29','2911987391814'),(1310,'Marko','Mateković',48000,10000,'1988-06-17','1706988334006'),(1311,'Goran','Remenar',40000,40000,'1987-05-17','1705987390118'),(1312,'Nina','Kućan',33000,10000,'1988-06-21','2106988330144'),(1314,'Marko','Suhina',52000,52000,'1987-10-25','2510987330097'),(1332,'Svebor','Keščec',10000,10000,'1988-02-06','0602988383308'),(1333,'Adrijan','Fabrični',20000,10000,'1987-09-01','0109987391807'),(1335,'Andrija','Topolovac',10000,10000,'1988-04-14','1404988391514'),(1336,'Slavko','Hrvojević',20000,20000,'1988-06-25','2506988350009'),(1337,'Mate','Crnjak',21000,21000,'1988-01-16','1601988360076'),(1339,'Andro','Popović',21000,21000,'1987-12-21','2112987330067'),(1340,'Matej','Dukić',20230,10000,'1988-07-29','2907988361006'),(1341,'Sanja','Babić',21240,10000,'1988-06-24','2406988371019'),(1343,'Davorka','Kralj',31530,10000,'1987-01-01','0101987330031'),(1344,'Sven','Rac',34330,34330,'1987-12-22','2212987330145'),(1345,'Helena','Medved',43290,10000,'1987-12-07','0712987320027'),(1347,'Mateo','Maković',52100,52100,'1988-02-20','2002988363032'),(1348,'Silvana','Vrbanić',10370,10000,'1988-03-15','1503988110036'),(1349,'Šime','Kovačić',22010,10000,'1987-09-16','1609987302127'),(1351,'Želimir','Babić',42250,10000,'1988-01-30','3001988330149'),(1352,'Marko','Levačić',44410,10000,'1988-07-11','1107988388902'),(1353,'Slavica','Đurak',34330,10000,'1987-10-10','1010987363004'),(1355,'Ante','Budimir',51251,10000,'1988-02-26','2602988320023'),(1356,'Matija','Bujas',40000,40000,'1988-04-18','1804988391517'),(1357,'Nino','Barić',31000,31000,'1988-03-21','2103988381527'),(1364,'Antun','Ferenc',20000,10000,'1988-01-17','1701988302121'),(1365,'Anton','Bečić',21000,21000,'1988-05-07','0705988330025'),(1366,'Vinko','Kontak',10000,10000,'1988-04-05','0504988330095'),(1368,'Tea','Međimorec',10000,20000,'1987-07-14','1407987330129'),(1369,'Mato','Kobal',20000,10000,'1987-07-27','2707987383313'),(1370,'Tibor','Poljanec',21000,10000,'1987-09-19','1909987370027'),(1372,'Adrijan','Herceg',20000,20000,'1988-04-26','2604988330071'),(1373,'Antonijo','Bilić',21000,10000,'1987-11-30','3011987391218'),(1374,'Tea','Mihaljević',10000,10000,'1987-06-25','2506987370019'),(1376,'Darko','Mrduljaš',21000,10000,'1988-07-12','1207988330152'),(1377,'Davorka','Čavrak',10000,10000,'1987-07-28','2807987390009'),(1378,'Antonio','Pamučar',20000,10000,'1988-05-06','0605988330166'),(1392,'Filip','Cigrovski',51000,51000,'1986-11-23','2311986330077'),(1393,'Stjepan','Tomić',51000,10000,'1988-05-02','0205988330013'),(1394,'Augustina','Šimek',51000,10000,'1988-01-12','1201988320515'),(1396,'Gordana','Husak',31000,31000,'1985-01-14','1401985380065'),(1397,'Mijo','Legović',31000,10000,'1987-12-25','2512987361908'),(1398,'Zdravka','Budiša',31000,10000,'1988-01-01','0101988383929'),(1400,'Miljenko','Tuđen',47000,10000,'1987-07-19','1907987391806'),(1401,'Vinko','Marković',47000,47000,'1987-10-16','1610987334304'),(1408,'Mirjana','Cesnik',51000,10000,'1987-05-29','2905987330014'),(1409,'Berislav','Crnković',22000,22000,'1988-04-01','0104988330263'),(1410,'Željka','Koren',35000,35000,'1988-03-08','0803988334304'),(1412,'Hana','Birkić',40000,40000,'1987-08-07','0708987302118'),(1413,'Antun Ivan','Galić',33000,10000,'1988-04-16','1604988301006'),(1414,'Tin','Šipek',43000,43000,'1987-11-21','2111987330174'),(1415,'Tomislav','Kovačić',52000,52000,'1987-06-12','1206987370008'),(1417,'Toni','Merlak',35000,35000,'1988-04-09','0904988310024'),(1418,'Davor','Roketinec',48000,10000,'1987-11-02','0211987330035'),(1419,'Mirko','Brečić',40000,40000,'1987-10-26','2610987383906'),(1421,'Ljiljana','Jokić',43000,10000,'1988-03-12','1203988383315'),(1422,'Helena','Crnković',52000,52000,'1988-04-08','0804988339016'),(1423,'Vjeran','Nakić',20000,10000,'1987-07-25','2507987311904'),(1425,'Martina','Petrinec',10000,20000,'1987-10-21','2110987334004'),(1426,'Vanja','Bonačić',20000,10000,'1988-02-11','1102988391809'),(1427,'Hrvoje','Juričić',21000,21000,'1988-03-02','0203988330122'),(1429,'Karla','Kafadar',20000,20000,'1987-08-10','1008987370016'),(1430,'Želimir','Pintar',21000,10000,'1987-10-21','2110987320029'),(1431,'Franjo','Berač',10000,10000,'1988-04-25','2504988370026'),(1433,'Igor','Bogati',10380,10000,'1987-11-04','0411987385009'),(1439,'Josip','Škvorc',47300,10000,'1988-01-15','1501988392106'),(1441,'Majo','Meglaj',47220,10000,'1987-06-06','0606987383906'),(1442,'Boris','Jertec',21450,10000,'1986-02-26','2602986330072'),(1443,'Nataša','Cerjan',33520,33405,'1987-08-25','2508987335042'),(1457,'Borna','Burtina',34000,34000,'1988-05-31','3105988380077'),(1458,'Davor','Kroflin',21000,21000,'1987-09-15','1509987383124'),(1459,'Predrag','Vlah',10000,10000,'1987-11-26','2611987330044'),(1461,'Nenad','Toth',21000,21000,'1988-04-04','0404988380005'),(1462,'Vilim','Živčić',20000,10000,'1987-11-07','0711987370839'),(1463,'Ivan','Balenović',21000,10000,'1986-08-12','1208986335065'),(1464,'Tihomir','Fizir',10000,10000,'1988-05-02','0205988330058'),(1466,'Neven','Rubeša',21000,10000,'1988-05-19','1905988335025'),(1467,'Tea','Stjepanović',10000,10000,'1987-10-24','2410987330142'),(1468,'Ivana','Kuzma',20000,20000,'1988-07-05','0507988335135'),(1470,'Dubravko','Bartolić',10000,10000,'1987-11-13','1311987392608'),(1471,'Božidar','Ježić',20000,10000,'1987-11-23','2311987321729'),(1472,'Ivana','Muranić',21000,21000,'1988-08-03','0308988381113'),(1474,'Vjekoslav','Lacković',20000,10000,'1987-10-21','2110987383901'),(1475,'Branimir','Bolfek',21000,10000,'1987-09-20','2009987330054'),(1476,'Zlatko','Perčić',10000,10000,'1988-02-15','1502988301803'),(1483,'Ivica','Čučković',10000,35400,'1987-12-17','1712987335149'),(1484,'Antun Ivan','Pužar',21000,21000,'1988-03-09','0903988390025'),(1486,'Iva','Kopjar',21000,21000,'1988-09-02','0209988380028'),(1487,'Juraj','Valjak',51000,10000,'1987-04-20','2004987391802'),(1488,'Davor','Dilber',51000,51000,'1987-09-30','3009987330019'),(1490,'Bruno','Hundak',31000,10000,'1987-12-18','1812987300052'),(1491,'Jakov','Bumbar',31000,31000,'1988-01-12','1201988330061'),(1492,'Ivan','Kordić',31000,31000,'1988-04-08','0804988388117'),(1494,'Franjo','Blažević',31000,10000,'1988-01-18','1801988301004'),(1495,'Lovre','Šimek',47000,21000,'1987-11-11','1111987303204'),(1496,'Cvijeta','Erceg',32000,10000,'1988-08-12','1208988390075'),(1498,'Janko','Jakopović',51000,51000,'1987-07-03','0307987307828'),(1499,'Vlaho','Roginić',22000,10000,'1988-04-03','0304988340301'),(1500,'Dalibor','Gradečak',35000,35000,'1988-05-23','2305988311411'),(1502,'Josip','Nikl',40000,10000,'1987-09-27','2709987383005'),(1503,'Majo','Posavec',33000,33000,'1987-08-31','3108987330118'),(1504,'Josip','Poljak',43000,43000,'1987-12-03','0312987391807'),(1506,'Damir','Buković',31000,31000,'1987-12-05','0512987383608'),(1507,'Mijo','Bitar',21000,21000,'1987-12-12','1212987330055'),(1508,'Vlasta','Ciković',49000,10000,'1988-03-30','3003988330026'),(1515,'Predrag','Fugaj',49000,49000,'1987-08-28','2808987334004'),(1516,'Vlatko','Bedeniković',10000,10000,'1988-01-24','2401988341117'),(1517,'Daniel','Kamenar',20000,10000,'1987-07-02','0207987312503'),(1519,'Slavko','Prstačić',10000,20000,'1987-01-11','1101987330074'),(1120,'Zdenko','Kolac',31000,40000,'1988-06-02','0206988330186'),(1121,'Danijel','Marović',21000,10000,'1987-12-15','1512987330118'),(1123,'Jozefina','Antončić',10000,10000,'1987-01-17','1701987330133'),(1124,'Tihomir','Crnković',34000,10000,'1988-04-27','2704988303228'),(1125,'Vjeran','Brezac',44000,44000,'1987-04-09','0904987335026'),(1127,'Dario','Risek',32000,32000,'1987-07-16','1607987362909'),(1128,'Zlatko','Broz',42000,10000,'1987-03-14','1403987330099'),(1129,'Julija','Kos',51000,51000,'1988-05-15','1505988330161'),(1131,'Zlatko','Nenadić',35000,35000,'1987-11-14','1411987395329'),(1185,'Ozren','Smolić',20000,10000,'1988-06-19','1906988330083'),(1186,'Zlatko','Kolar',21000,10000,'1987-09-15','1509987391008'),(1188,'Kristina','Mandić',20000,10000,'1988-01-16','1601988391825'),(1189,'Juraj','Maček',21000,21000,'1988-01-24','2401988390206'),(1190,'Domagoj','Krišto',10000,10000,'1988-03-09','0903988330094'),(1192,'Helena','Mandić',21000,21000,'1988-07-06','0607988300028'),(1193,'Krunoslav','Brezak',10000,10000,'1987-10-31','3110987370805'),(1253,'Božidar','Cetto',53230,10000,'1988-05-20','2005988330205'),(1254,'Edo','Marić',21420,21420,'1988-02-24','2402988390302'),(1255,'Antonijo','Dumančić',32100,32100,'1987-09-18','1809987302141'),(1257,'Adrian','Lukač',44320,10000,'1988-08-13','1308988383929'),(1258,'Majo','Varga',10430,10000,'1987-04-18','1804987340015'),(1259,'Ljiljana','Bulić',31301,10000,'1987-07-19','1907987383304'),(1261,'Silvana','Novosel',47302,10000,'1987-12-08','0812987308219'),(1315,'Aljoša','Sobol',31000,31000,'1988-05-07','0705988335128'),(1316,'Gorana','Frljak',21000,21000,'1987-05-03','0305987334017'),(1317,'Mijo','Vucelić',49000,49000,'1988-05-19','1905988383905'),(1319,'Petra','Školnik',34000,10000,'1987-11-10','1011987330155'),(1320,'Martin','Kovačić',44000,10000,'1987-09-17','1709987311404'),(1321,'Marko','Meljanac',53000,53000,'1988-02-06','0602988390011'),(1323,'Ivan','Jambrak',21000,21000,'1987-06-15','1506987330251'),(1324,'Petar','Nemet',49000,49000,'1987-11-14','1411987335042'),(1325,'Martina','Simon',10000,10000,'1987-01-30','3001987383304'),(1380,'Tihomir','Medić',10000,10000,'1987-10-12','1210987330055'),(1381,'Antun','Balog',20000,20000,'1987-08-27','2708987335037'),(1382,'Vlatka','Relota',21000,21000,'1988-06-07','0706988330115'),(1384,'Helena','Budimir',21000,21000,'1987-11-15','1511987312506'),(1385,'Tin','Krajtner',21000,10000,'1987-12-24','2412987330082'),(1386,'Dragan','Vidaković',10000,10000,'1987-11-29','2911987340003'),(1388,'Antun Ivan','Šimić',10000,10000,'1988-01-06','0601988330269'),(1389,'Mihovil','Slaviček',21000,21000,'1988-08-08','0808988330046'),(1390,'Zdenka','Jureta',10000,20000,'1988-05-06','0605988391503'),(1445,'Niko','Grbić',44400,10000,'1988-01-01','0101988330196'),(1446,'Antonijo','Nikolić',20210,10000,'1987-09-03','0309987330247'),(1447,'Vid','Markulinčić',31531,10000,'1987-10-11','1110987330114'),(1449,'Nataša','Osredečki',51211,10000,'1988-05-19','1905988303534'),(1450,'Borislav','Gobin',42000,42000,'1988-07-31','3107988330169'),(1451,'Mirko','Kadić',31000,10000,'1987-09-12','1209987382604'),(1453,'Petra','Tišlar',31000,31000,'1987-06-27','2706987335183'),(1454,'Božidar','Sesar',10000,10000,'1986-04-25','2504986383316'),(1455,'Iva','Hafner',47300,10000,'1987-09-15','1509987340007'),(1132,'Nikica','Arunović',48000,48000,'1987-08-29','2908987330006'),(1133,'Darko','Cindrić',40000,10000,'1987-10-15','1510987330093'),(1135,'Juraj','Rožman',42000,42000,'1987-08-16','1608987312508'),(1136,'Vlatko','Horvatić',51000,51000,'1988-06-22','2206988325027'),(1164,'Krešimir','Vlahović',49250,10000,'1988-03-03','0303988395007'),(1165,'Željka','Morić',20242,10000,'1988-05-30','3005988392119'),(1167,'Mirko','Teklić',47201,10000,'1987-03-25','2503987310615'),(1168,'Doris','Rapinac',40000,10000,'1987-11-19','1911987335101'),(1208,'Franjo','Stipanov',31000,31000,'1987-08-08','0808987385042'),(1209,'Petar','Škrinjarić',31000,31000,'1987-12-11','1112987380046'),(1210,'Lea','Dostal',31000,31000,'1987-12-25','2512987335123'),(1212,'Josip','Zelić',47000,47000,'1987-09-28','2809987330012'),(1239,'Duje','Šimić',20000,10000,'1987-09-04','0409987330054'),(1241,'Ljiljana','Valentić',10000,20000,'1987-10-01','0110987330044'),(1242,'Alan','Samodol',20000,20000,'1987-10-09','0910987330177'),(1243,'Lidija','Žiljak',21000,21000,'1988-01-01','0101988330026'),(1283,'Vinko','Padovan',21000,10000,'1988-04-01','0104988335094'),(1284,'Albert','Hunić',10000,10000,'1988-01-05','0501988366002'),(1286,'Fran','Šef',21000,10000,'1987-08-18','1808987383317'),(1287,'Adrijan','Trnski',10000,20000,'1987-03-08','0803987361305'),(1327,'Andrej','Jurić',44000,44000,'1986-11-23','2311986370016'),(1328,'Renata','Vujnovac',53000,10000,'1987-10-05','0510987334302'),(1329,'Mijo','Poljak',10000,10000,'1988-05-22','2205988153755'),(1331,'Gordan','Lacković',21000,10000,'1987-08-31','3108987330249'),(1359,'Matija Tvrtko','Andrišek',10000,10000,'1988-01-19','1901988335002'),(1360,'Sunčica','Bošnjak',21000,10000,'1987-08-22','2208987330069'),(1361,'Anto','Globlek',44400,44400,'1987-06-11','1106987330053'),(1363,'Matko','Grgić',32000,32000,'1988-06-04','0406988383315'),(1402,'Slavko','Kavčič',10000,10000,'1988-04-11','1104988383908'),(1404,'Željka','Puljek',44000,44000,'1988-03-01','0103988334317'),(1405,'Jerko','Ogresta',53000,53000,'1988-01-06','0601988302806'),(1406,'Tomica','Lulić',32000,10000,'1987-11-17','1711987330107'),(1434,'Mijo','Vrhoci',21210,10000,'1988-03-05','0503988330211'),(1435,'Alan','Franc',22020,10000,'1987-09-21','2109987392103'),(1437,'Miro','Pugar',34310,10000,'1987-06-29','2906987335112'),(1438,'Vedran','Meštrić',42240,42240,'1988-04-03','0304988368003'),(1478,'Vid','Kulišić',10000,10000,'1988-03-30','3003988380005'),(1479,'Branko','Car',10000,20000,'1988-07-15','1507988302136'),(1480,'Vjeran','Stipaničev',21000,21000,'1987-12-26','2612987330052'),(1482,'Iva','Klarin',21000,21000,'1987-11-07','0711987383918'),(1510,'Vlatka','Ćurković',34000,34000,'1987-12-16','1612987360007'),(1511,'Mirko','Rech',43000,10000,'1987-04-09','0904987321701'),(1512,'Josip','Horvat',52000,10000,'1988-08-01','0108988383312'),(1513,'Josip','Ivanović',31000,31000,'1987-07-27','2707987370022'),(1194,'Antun Ivan','Herak',20000,20000,'1987-07-01','0107987330073'),(1196,'Pavao','Falk',20000,10000,'1987-07-09','0907987330057'),(1250,'Antonijo','Franjković',35420,10000,'1987-11-20','2011987360005'),(1251,'Lucija','Brčić',47240,10000,'1988-05-03','0305988391019');

/*Table structure for table `kvar` */

DROP TABLE IF EXISTS `kvar`;

CREATE TABLE `kvar` (
  `sifKvar` int(11) default NULL,
  `nazivKvar` varchar(50) collate cp1250_croatian_ci default NULL,
  `sifOdjel` int(11) default NULL,
  `brojRadnika` int(11) default NULL,
  `satiKvar` int(11) default NULL,
  UNIQUE KEY `sifKvar` (`sifKvar`)
) ENGINE=InnoDB DEFAULT CHARSET=cp1250 COLLATE=cp1250_croatian_ci CHECKSUM=1 DELAY_KEY_WRITE=1 ROW_FORMAT=DYNAMIC;

/*Data for the table `kvar` */

insert  into `kvar`(`sifKvar`,`nazivKvar`,`sifOdjel`,`brojRadnika`,`satiKvar`) values (36,'Zamjena prednjeg fara',9,1,2),(22,'Popravak radilice',10,8,3),(18,'Zamjena klipa',10,6,4),(7,'Izmjena amortizera',6,4,2),(4,'Zamjena pragova',6,2,4),(25,'Zamjena rashladne tekućine',11,6,1),(3,'Zamjena cerade',6,3,3),(14,'Uštimavanje pokretnog krova',7,7,2),(31,'Popravak felgi',8,1,2),(15,'Popravak oštečenih mjesta na limu',7,6,4),(27,'Zamjena blatobrana',8,7,2),(29,'Ugradnja sportskog pojasa',12,1,2),(33,'Postavljanje ispušnog lonca',13,3,2),(12,'Zamjena krovnog prozora',7,7,1),(8,'Zamjena prednjeg stakla',6,1,3),(11,'Zamjena pragova',7,8,4),(28,'Korigiranje paljenja',12,5,2),(32,'Ugradnja stražje spoilera',13,2,3),(2,'Zamjena krova',6,4,2),(23,'Zamjena zupčastog remena',10,7,3),(13,'Zamjena blatobrana',7,4,3),(16,'Ugradnja prednjeg znaka od mercedesa',7,1,2),(26,'Ravnanje prednje vilice',8,7,3),(30,'Ugradnja ojačanja',12,1,2),(20,'Popravak karika',10,2,3),(24,'Zamjena vodene pumpe',10,7,4),(6,'Promjena osovine',6,1,2),(9,'Zamjena vozačkih i suvozačkih vrata',6,8,2),(10,'Zamjena vozačkih sjedala',6,4,2),(17,'Ugradnja prednjeg znaka od Jaguara',7,3,3),(35,'Zamjena prednje žarulje',9,4,4),(1,'Zamjena blatobrana',6,2,2),(19,'Zamjena svječica',11,1,1),(34,'Ugradnja auto-alarma',9,5,2),(5,'Učvršćivanje hvata prikolice',6,5,3),(21,'Štimanje ventila',11,2,3);

/*Table structure for table `mjesto` */

DROP TABLE IF EXISTS `mjesto`;

CREATE TABLE `mjesto` (
  `pbrMjesto` int(11) default NULL,
  `nazivMjesto` varchar(255) collate cp1250_croatian_ci default NULL,
  `sifZupanija` int(11) default NULL,
  UNIQUE KEY `nazivMjesto` (`nazivMjesto`),
  UNIQUE KEY `pbrMjesto` (`pbrMjesto`),
  KEY `FK_mjesto` (`sifZupanija`),
  CONSTRAINT `FK_mjesto` FOREIGN KEY (`sifZupanija`) REFERENCES `zupanija` (`sifZupanija`)
) ENGINE=InnoDB DEFAULT CHARSET=cp1250 COLLATE=cp1250_croatian_ci CHECKSUM=1 DELAY_KEY_WRITE=1 ROW_FORMAT=DYNAMIC;

/*Data for the table `mjesto` */

insert  into `mjesto`(`pbrMjesto`,`nazivMjesto`,`sifZupanija`) values (43500,'Daruvar',7),(43531,'Veliki Bastaji',7),(44000,'Sisak',3),(44271,'Letovanić',3),(44320,'Kutina',3),(44330,'Novska',3),(44400,'Glina',3),(44410,'Gvozd',3),(47000,'Karlovac',4),(47201,'Draganići',4),(47220,'Vojnić',4),(47240,'Slunj',4),(47251,'Bosiljevo',4),(47300,'Ogulin',4),(47302,'Oštarije',4),(48000,'Koprivnica',6),(48260,'Križevci',6),(49000,'Krapina',2),(10000,'Zagreb',21),(10010,'Zagreb-Sloboština',21),(10090,'Zagreb-Susedgrad',21),(10360,'Sesvete',1),(10370,'Dugo Selo',1),(10380,'Sveti Ivan Zelina',21),(10430,'Samobor',1),(10450,'Jastrebarsko',1),(20000,'Dubrovnik',19),(20210,'Cavtat',19),(20230,'Ston',19),(20242,'Oskorušno',19),(20250,'Orebić',19),(20270,'Vela Luka',19),(20340,'Ploče',19),(21000,'Split',17),(21210,'Solin',17),(21232,'Dicmo',17),(21240,'Trilj',17),(21270,'Zagvozd',17),(21310,'Omiš',17),(21400,'Supetar',17),(21420,'Bol',17),(21450,'Hvar',17),(22000,'Šibenik',15),(22010,'Šibenik-Brodarica',15),(22020,'Šibenik-Ražine',15),(23210,'Biograd na moru',13),(23250,'Pag',13),(23420,'Benkovac',13),(31000,'Osijek',14),(31300,'Beli Manastir',14),(31301,'Branjin Vrh',14),(31410,'Strizivojna',14),(31500,'Našice',14),(31530,'Podravska Moslavina',14),(31531,'Viljevo',14),(31550,'Valpovo',14),(32000,'Vukovar',16),(32100,'Vinkovci',16),(32240,'Mirkovci',16),(32280,'Jarmina',16),(33000,'Virovitica',10),(33520,'Slatina',10),(34000,'Požega',11),(34310,'Pleternica',11),(34330,'Velika',11),(34340,'Kutjevo',11),(34550,'Pakrac',11),(35000,'Slavonski Brod',12),(35210,'Vrpolje',12),(35220,'Slavonski Šamac',12),(35250,'Oriovac',12),(35420,'Staro Petrovo Selo',12),(40000,'Čakovec',20),(40320,'Donji Kraljevec',20),(42000,'Varaždin',5),(42240,'Ivanec',5),(42250,'Lepoglava',5),(43000,'Bjelovar',7),(43271,'Velika Pisanica',7),(43280,'Garešnica',7),(43290,'Grubišno Polje',7),(49210,'Zabok',2),(49250,'Zlatar',2),(51000,'Rijeka',8),(51211,'Matulji',8),(51251,'Ledenice',8),(51280,'Rab',8),(51410,'Opatija',8),(51550,'Mali Lošinj',8),(52000,'Pazin',18),(52100,'Pula',18),(52420,'Buzet',18),(53000,'Gospić',9),(53230,'Korenica',9),(53250,'Donji Lapac',9),(10020,'Zagreb-Novi Zagreb',21),(10040,'Zagreb-Dubrava',21),(10250,'Lučko',1),(10255,'Gornji Stupnik',1),(10290,'Zaprešić',1),(10295,'Kupljenovo',1),(10310,'Ivanić-Grad',1),(10315,'Novoselec',1),(10340,'Vrbovec',1),(10345,'Gradec',1),(10410,'Velika Gorica',1),(10415,'Novo Čiče',1),(10435,'Sveti Martin pod Okićem',1),(10455,'Kostanjevac',1),(20205,'Topolo',19),(20215,'Gruda',19),(20225,'Babino Polje',19),(20235,'Zaton Veliki',19),(20240,'Trpanj',19),(20245,'Trstenik',19),(20260,'Korčula',19),(20275,'Žrnovo',19),(20290,'Lastovo',19),(20345,'Staševica',19),(20350,'Metković',19),(20355,'Opuzen',19),(21205,'Donji Dolac',17),(21215,'Kaštel Lukšić',17),(21220,'Trogir',17),(21225,'Drvenik Veliki',17),(21230,'Sinj',17),(21235,'Otišić',17),(21245,'Tijarica',17),(21250,'Šestanovac',17),(21255,'Zadvarje',17),(21260,'Imotski',17),(21265,'Studenci',17),(21275,'Dragljane',17),(21300,'Makarska',17),(21315,'Dugi Rat',17),(21320,'Baška Voda',17),(21325,'Tučepi',17),(21330,'Gradac',17),(21335,'Podaca',17),(21405,'Milna',17),(21410,'Postira',17),(21425,'Selca',17),(21430,'Grohote',17),(21460,'Stari Grad',17),(21465,'Jelsa',17),(21480,'Vis',17),(21485,'Komiža',17),(22030,'Šibenik-Zablaće',15),(22205,'Perković',15),(22215,'Zaton',15),(22235,'Kaprije',15),(22240,'Tisno',15),(22320,'Drniš',15),(23000,'Zadar',13),(23205,'Bibinje',13),(23235,'Vrsi',13),(23245,'Tribanj',13),(23275,'Ugljan',13),(23285,'Brbinj',13),(23295,'Silba',13),(23440,'Gračac',13),(23445,'Srb',13),(23450,'Obrovac',13),(31205,'Aljmaš',14),(31215,'Ernestinovo',14),(31225,'Breznica Našička',14),(31305,'Draž',14),(31315,'Karanac',14),(31325,'Čeminac',14),(31400,'Đakovo',14),(31415,'Selci Đakovački',14),(31540,'Donji Miholjac',14),(31555,'Marijanci',14),(32225,'Bobota',16),(32235,'Bapska',16),(32245,'Nijemci',16),(32255,'Soljani',16),(32260,'Gunja',16),(32270,'Županja',16),(32275,'Bošnjaci',16),(33405,'Pitomača',10),(33410,'Suhopolje',10),(33515,'Orahovica',10),(33525,'Sopje',10),(34315,'Ratkovica',11),(34320,'Orljavac',11),(34335,'Vetovo',11),(34350,'Čaglin',11),(35215,'Svilaj',12),(35255,'Slavonski Kobaš',12),(35400,'Nova Gradiška',12),(35425,'Davor',12),(35430,'Okučani',12),(35435,'Stara Gradiška',12),(40305,'Nedelišče',20),(40315,'Mursko Središče',20),(40325,'Draškovec',20),(42205,'Vidovec',5),(42220,'Novi Marof',5),(42225,'Breznički Hum',5),(42230,'Ludbreg',5),(42245,'Donja Voća',5),(42255,'Donja Višnjica',5),(43240,'Čazma',7),(43245,'Gornji Draganec',7),(43270,'Veliki Grđevac',7),(43285,'Velika Trnovitica',7),(43505,'Končanica',7),(44205,'Donja Bačuga',3),(44210,'Sunja',3),(44250,'Petrinja',3),(44325,'Krapje',3),(44405,'Mali Gradac',3),(44415,'Topusko',3),(44425,'Gornja Bučica',3),(44430,'Hrvatska Kostajnica',3),(44435,'Divuša',3),(44440,'Dvor',3),(44450,'Hrvatska Dubica',3),(47205,'Vukmanić',4),(47245,'Rakovica',4),(47250,'Duga Resa',4),(47280,'Ozalj',4),(47305,'Lička Jesenica',4),(48265,'Raven',6),(48305,'Reka',6),(48325,'Novigrad Podravski',6),(48350,'Đurđevac',6),(48355,'Novo Virje',6),(49215,'Tuhelj',2),(49225,'Đurmanec',2),(49240,'Donja Stubica',2),(49245,'Gornja Stubica',2),(49255,'Novi Golubovec',2),(49290,'Klanjec',2),(49295,'Kumrovec',2),(51215,'Kastav',8),(51225,'Praputnjak',8),(51250,'Novi Vinodolski',8),(51260,'Crikvenica',8),(51265,'Dramalj',8),(51300,'Delnice',8),(51305,'Tršće',8),(51315,'Mrkopalj',8),(51325,'Moravice',8),(51415,'Lovran',8),(51500,'Krk',8),(51515,'Šilo',8),(51555,'Belej',8),(52210,'Rovinj (Rovigno)',18),(52215,'Vodnjan (Dignano)',18),(52220,'Labin',18),(52425,'Roč',18),(52440,'Poreč',18),(52445,'Baderna',18),(52450,'Vrsar',18),(52460,'Buje (Buie)',18),(52465,'Tar',18),(52470,'Umag (Umago)',18),(52475,'Savudrija (Salvore)',18),(53205,'Medak',9),(53220,'Otočac',9),(53225,'Švica',9),(53260,'Brinje',9),(53270,'Senj',9),(53285,'Lukovo',9),(31220,'Višnjevac',14),(47285,'Radatovići',4),(44010,'Sisak-Caprag',3),(53235,'Bunić',9),(22310,'Kijevo',15),(22305,'Kistanje',15),(22300,'Knin',15);

/*Table structure for table `nalog` */

DROP TABLE IF EXISTS `nalog`;

CREATE TABLE `nalog` (
  `sifKlijent` int(11) default NULL,
  `sifKvar` int(11) default NULL,
  `sifRadnik` int(11) default NULL,
  `datPrimitkaNalog` date default NULL,
  `prioritetNalog` int(11) default NULL,
  `OstvareniSatiRada` int(11) default NULL,
  UNIQUE KEY `sifKlijent` (`sifKlijent`,`sifKvar`,`datPrimitkaNalog`)
) ENGINE=InnoDB DEFAULT CHARSET=cp1250 COLLATE=cp1250_croatian_ci CHECKSUM=1 DELAY_KEY_WRITE=1 ROW_FORMAT=DYNAMIC;

/*Data for the table `nalog` */

insert  into `nalog`(`sifKlijent`,`sifKvar`,`sifRadnik`,`datPrimitkaNalog`,`prioritetNalog`,`OstvareniSatiRada`) values (1167,13,122,'2005-04-15',2,1),(1210,5,481,'2005-06-14',2,2),(1272,31,191,'2005-09-06',2,4),(1312,6,142,'2006-01-26',2,4),(1369,21,256,'2005-08-22',2,6),(1426,25,379,'2006-04-14',2,2),(1464,2,326,'2005-08-09',2,7),(1490,6,501,'2005-12-01',3,3),(1127,34,277,'2005-07-20',3,3),(1306,18,456,'2006-01-10',3,4),(1471,7,195,'2006-02-14',3,9),(1421,22,277,'2006-01-27',3,7),(1267,14,330,'2005-11-23',3,8),(1376,25,501,'2005-06-01',3,8),(1498,22,277,'2006-01-20',3,4),(1370,2,456,'2005-12-22',4,6),(1434,1,166,'2006-02-10',4,8),(1393,21,371,'2006-01-24',4,3),(1120,5,122,'2006-04-17',4,8),(1125,27,150,'2005-08-30',5,4),(1127,26,166,'2005-08-22',5,5),(1172,30,232,'2005-02-11',5,10),(1139,31,281,'2005-08-02',2,6),(1140,13,301,'2005-05-03',2,9),(1145,31,334,'2006-01-24',2,7),(1230,32,371,'2005-08-05',2,9),(1152,9,391,'2004-11-16',2,4),(1153,26,436,'2006-05-04',2,9),(1160,27,481,'2005-07-25',2,6),(1331,33,505,'2005-05-12',2,10),(1172,17,154,'2006-04-26',2,3),(1173,1,166,'2005-02-18',2,2),(1178,11,236,'2005-05-30',2,2),(1386,27,256,'2005-06-22',2,2),(1189,7,285,'2006-04-19',2,4),(1190,21,301,'2005-09-06',3,4),(1441,24,391,'2005-07-01',3,4),(1209,15,465,'2005-05-05',3,2),(1216,27,509,'2005-07-18',3,4),(1490,13,122,'2005-08-03',3,4),(1222,17,154,'2005-09-05',3,7),(1223,1,166,'2005-08-30',3,6),(1229,11,236,'2005-12-13',3,8),(1230,27,256,'2005-12-09',3,10),(1237,21,301,'2005-05-12',3,8),(1242,21,334,'2006-04-19',3,7),(1243,34,375,'2006-04-28',3,4),(1249,24,391,'2006-04-27',3,5),(1254,15,465,'2006-05-03',4,2),(1259,5,481,'2006-02-17',4,3),(1261,27,509,'2005-09-16',4,1),(1266,6,142,'2005-12-06',4,5),(1222,33,154,'2006-06-13',4,2),(1274,3,236,'2005-06-17',4,2),(1279,21,256,'2006-05-05',4,3),(1280,16,289,'2005-06-14',2,9),(1266,34,326,'2006-04-25',2,9),(1292,10,379,'2005-12-08',2,5),(1294,18,411,'2006-02-09',2,8),(1299,18,436,'2006-04-18',2,5),(1306,13,481,'2005-05-23',2,10),(1314,33,154,'2005-12-12',2,6),(1351,31,191,'2005-12-27',2,10),(1317,3,236,'2006-05-09',2,2),(1323,21,256,'2005-09-15',2,8),(1324,16,289,'2005-10-04',2,5),(1329,34,326,'2005-11-22',2,9),(1336,10,379,'2005-12-30',2,2),(1337,18,411,'2006-01-16',2,10),(1343,18,436,'2005-02-25',2,5),(1344,24,465,'2006-04-25',3,4),(1434,13,481,'2005-08-18',3,4),(1351,17,514,'2006-05-02',3,5),(1356,6,142,'2005-12-21',3,6),(1357,33,154,'2005-01-10',3,3),(1363,31,191,'2006-05-05',3,4),(1483,3,236,'2005-08-26',3,9),(1370,16,289,'2006-02-02',3,8),(1376,34,326,'2005-07-22',3,4),(1381,18,411,'2006-02-24',3,3),(1386,18,436,'2006-01-13',3,10),(1388,24,465,'2005-11-04',3,4),(1393,13,481,'2005-10-31',3,6),(1230,17,514,'2005-06-03',3,1),(1401,34,154,'2005-09-14',3,4),(1406,7,195,'2006-01-13',3,6),(1408,33,244,'2005-11-02',3,8),(1331,34,277,'2005-08-09',3,3),(1419,2,326,'2005-10-11',4,10),(1421,11,367,'2006-05-31',4,2),(1386,2,411,'2005-09-23',4,7),(1433,18,456,'2006-01-17',4,1),(1434,9,469,'2005-09-05',4,2),(1439,6,501,'2006-02-24',4,6),(1441,33,514,'2004-08-30',4,6),(1441,25,142,'2006-05-09',4,10),(1450,34,154,'2005-09-13',4,2),(1451,7,195,'2005-12-02',4,7),(1457,33,244,'2005-10-24',5,9),(1458,34,277,'2005-09-06',5,5),(1490,32,289,'2006-04-19',5,7),(1470,11,367,'2005-07-22',5,1),(1471,25,379,'2005-12-14',5,1),(1476,2,411,'2005-08-02',5,2),(1483,18,456,'2005-05-17',5,7),(1484,9,469,'2006-01-09',5,9),(1491,33,514,'2006-04-12',2,5),(1498,25,142,'2006-02-24',2,5),(1503,34,154,'2005-06-27',2,2),(1504,7,195,'2005-12-15',2,4),(1152,32,289,'2006-05-09',3,2),(1173,2,326,'2005-10-10',3,4),(1202,11,367,'2005-09-09',3,7),(1370,6,501,'2006-05-09',3,5),(1414,25,142,'2005-05-04',3,9),(1439,34,154,'2005-09-20',3,2),(1496,33,244,'2005-10-07',4,10),(1202,2,326,'2005-09-15',4,6),(1223,11,367,'2005-05-13',4,9),(1249,25,379,'2006-04-14',5,7),(1272,2,411,'2005-09-21',5,6),(1324,18,456,'2004-12-31',5,8),(1349,9,469,'2006-05-15',3,3),(1393,33,514,'2005-09-09',3,9),(1450,10,154,'2004-10-27',3,6),(1471,32,232,'2006-05-09',3,2),(1496,19,244,'2005-05-11',3,10),(1147,22,277,'2005-07-15',3,5),(1180,14,330,'2006-06-06',3,4),(1202,31,367,'2005-10-27',3,5),(1235,23,379,'2005-04-28',3,3),(1253,26,411,'2006-02-03',3,9),(1267,2,456,'2005-12-07',3,6),(1286,22,469,'2005-07-19',4,4),(1312,25,501,'2005-10-27',4,1),(1324,34,514,'2006-05-30',4,1),(1343,12,142,'2005-09-02',4,2),(1357,10,154,'2005-11-07',4,3),(1388,32,232,'2006-04-25',4,10),(1439,7,289,'2005-01-24',2,3),(1464,14,330,'2004-09-10',2,1),(1483,31,367,'2006-05-12',2,5),(1498,23,379,'2006-01-13',2,5),(1132,26,411,'2006-05-19',3,6),(1165,2,456,'2006-05-15',3,6),(1180,22,469,'2005-11-08',3,9),(1202,25,501,'2006-01-24',3,2),(1217,34,514,'2006-08-03',3,8),(1253,12,142,'2005-05-03',4,8),(1267,10,154,'2005-08-08',4,4),(1286,32,232,'2006-06-26',4,3),(1294,19,244,'2005-08-04',2,2),(1324,22,277,'2006-05-11',2,10),(1343,7,289,'2005-11-17',2,5),(1376,31,367,'2006-05-05',2,5),(1406,23,379,'2006-05-04',2,8),(1439,2,456,'2005-07-13',2,6),(1450,22,469,'2006-06-13',2,5),(1483,25,501,'2005-07-29',2,7),(1498,34,514,'2005-12-01',2,1),(1132,12,142,'2005-05-26',2,2),(1147,10,154,'2005-06-09',2,6),(1180,32,232,'2005-10-11',2,2),(1202,19,244,'2005-11-18',2,3),(1217,22,277,'2005-10-03',3,5),(1235,7,289,'2005-06-06',3,9),(1286,31,367,'2006-01-06',3,9),(1294,23,379,'2005-07-25',3,8),(1312,26,411,'2006-02-15',3,5),(1343,2,456,'2005-09-27',3,8),(1357,22,469,'2006-05-30',3,6),(1388,34,514,'2006-06-27',3,6),(1421,12,142,'2005-10-17',3,9),(1439,10,154,'2005-07-12',3,2),(1450,32,232,'2006-04-17',3,6),(1464,19,244,'2005-08-30',3,4),(1145,7,289,'2006-06-19',3,3),(1222,31,367,'2006-02-21',3,10),(1300,23,379,'2005-12-13',4,2),(1336,26,411,'2005-12-09',4,9),(1406,22,469,'2005-06-23',4,2),(1484,34,514,'2006-02-21',4,7),(1145,27,122,'2005-12-13',4,1),(1180,33,146,'2005-09-16',4,2),(1300,10,232,'2005-11-17',4,6),(1336,7,244,'2006-02-21',2,4),(1370,13,277,'2005-12-14',2,2),(1441,15,289,'2005-09-27',2,6),(1450,2,334,'2006-06-02',3,6),(1484,21,371,'2006-05-03',3,9),(1145,29,391,'2005-09-27',3,9),(1222,7,420,'2005-08-19',4,8),(1259,26,456,'2005-12-01',4,1),(1300,18,469,'2006-01-05',2,9),(1336,12,501,'2006-04-07',2,5),(1406,10,514,'2006-04-27',2,7),(1450,33,146,'2005-09-30',3,9),(1145,1,166,'2006-04-21',3,6),(1180,10,232,'2006-02-24',3,9),(1259,13,277,'2006-01-26',4,7),(1336,15,289,'2005-06-24',4,8),(1370,2,334,'2006-02-17',2,9),(1406,21,371,'2005-08-26',2,10),(1441,29,391,'2006-04-18',3,3),(1484,7,420,'2006-05-09',3,4),(1173,18,469,'2006-01-23',3,3),(1222,12,501,'2005-12-02',4,8),(1351,27,122,'2006-06-16',4,2),(1393,33,146,'2005-11-21',5,6),(1173,7,244,'2005-04-15',2,3),(1222,13,277,'2006-01-24',2,4),(1266,15,289,'2005-10-26',2,3),(1351,2,334,'2006-05-16',2,9),(1434,29,391,'2005-06-15',2,1),(1483,7,420,'2005-11-01',2,5),(1173,26,456,'2006-04-28',2,10),(1222,18,469,'2006-06-05',2,8),(1266,12,501,'2006-05-09',2,7),(1434,33,146,'2005-11-14',2,10),(1483,1,166,'2006-05-03',2,10),(1132,10,232,'2005-12-14',3,1),(1222,7,244,'2006-02-02',3,3),(1266,13,277,'2006-04-19',3,9),(1312,15,289,'2005-08-19',3,10),(1434,21,371,'2005-01-06',3,2),(1483,29,391,'2006-04-26',3,6),(1132,7,420,'2005-11-28',3,4),(1266,18,469,'2005-05-18',3,9),(1351,10,514,'2005-09-20',3,6),(1393,27,122,'2006-07-18',3,3),(1483,33,146,'2005-12-08',3,6),(1172,1,166,'2005-05-05',3,3),(1230,10,232,'2006-04-21',3,2),(1490,15,289,'2005-12-08',3,8),(1172,2,334,'2006-07-11',3,8),(1230,21,371,'2005-10-14',3,4),(1441,7,420,'2006-05-02',4,6),(1490,26,456,'2005-11-22',4,6),(1172,18,469,'2004-12-17',4,10),(1386,10,514,'2004-10-18',4,5),(1441,27,122,'2006-05-31',4,4),(1490,33,146,'2006-01-13',4,4),(1230,1,166,'2006-05-19',4,7),(1331,10,232,'2006-06-07',4,2),(1386,7,244,'2005-08-25',4,8),(1441,13,277,'2005-10-20',5,5),(1230,2,334,'2005-09-16',5,2),(1331,21,371,'2006-06-13',5,2),(1386,29,391,'2005-12-23',2,2),(1490,7,420,'2005-08-24',2,4),(1172,26,456,'2006-05-29',2,3),(1230,18,469,'2005-05-12',3,1),(1331,12,501,'2006-04-20',3,7),(1133,32,256,'2005-12-23',4,10),(1307,17,514,'2006-01-26',2,2),(1414,32,289,'2006-07-19',2,7),(1324,9,469,'2006-01-10',3,8),(1172,15,289,'2006-04-28',3,9),(1196,21,334,'2006-07-05',4,1),(1439,12,142,'2006-10-03',2,7),(1406,19,244,'2006-06-20',2,2),(1357,14,330,'2006-06-22',3,7),(1331,7,244,'2006-06-20',3,3),(1400,25,142,'2006-02-22',3,8),(1421,26,411,'2006-01-27',4,5),(1312,12,501,'2006-06-16',5,7),(1312,24,465,'2006-01-13',2,9),(1197,34,375,'2006-04-14',2,8),(1513,33,244,'2006-05-18',3,9),(1450,25,501,'2006-02-13',3,5),(1312,10,514,'2006-09-01',3,6),(1441,10,514,'2005-12-01',4,3),(1172,10,379,'2006-06-05',5,6),(1165,7,289,'2006-07-12',2,1),(1259,1,166,'2006-06-13',2,6),(1159,25,460,'2006-05-17',3,7),(1127,26,166,'2004-09-07',1,8),(1230,32,371,'2005-04-19',1,9),(1190,21,301,'2005-05-10',1,3),(1230,27,256,'2005-07-15',1,3),(1292,10,379,'2005-11-28',1,6),(1329,34,326,'2005-06-27',1,3),(1434,13,481,'2005-04-27',1,6),(1386,18,436,'2006-01-09',1,8),(1406,7,195,'2005-08-04',1,3),(1441,25,142,'2005-06-13',1,9),(1249,25,379,'2005-07-28',1,7),(1439,12,142,'2005-10-17',1,7),(1180,14,330,'2005-09-07',1,5),(1312,25,501,'2005-07-21',1,1),(1165,2,456,'2005-06-06',1,9),(1286,32,232,'2005-10-28',1,5),(1406,23,379,'2005-06-16',1,7),(1132,12,142,'2005-05-05',1,8),(1259,1,166,'2005-06-10',1,8),(1484,21,371,'2005-08-09',1,9),(1406,10,514,'2005-11-28',1,8),(1259,13,277,'2005-05-18',1,4),(1132,26,456,'2004-11-30',1,6),(1132,10,232,'2005-04-29',1,6),(1483,29,391,'2005-04-27',1,2),(1393,27,122,'2006-01-27',1,10),(1490,15,289,'2004-12-03',1,5),(1172,18,469,'2004-09-06',1,6),(1331,10,232,'2006-02-28',1,2),(1386,29,391,'2005-04-15',1,9),(1133,32,256,'2005-06-10',1,3),(1159,25,460,'2006-01-16',1,6),(1167,13,122,'2004-09-10',1,1),(1196,21,334,'2005-07-28',1,5),(1197,34,375,'2005-02-22',1,10),(1210,5,481,'2005-04-11',1,7),(1132,7,285,'2005-04-15',1,6),(1272,31,191,'2005-04-15',1,7),(1312,24,465,'2005-10-28',1,7),(1307,17,514,'2005-09-12',1,3),(1312,6,142,'2005-12-06',1,5),(1369,21,256,'2005-05-20',1,3),(1172,10,379,'2006-05-11',1,10),(1400,25,142,'2005-05-17',1,2),(1414,32,289,'2005-12-01',1,7),(1426,25,379,'2005-07-29',1,2),(1464,2,326,'2004-08-30',1,6),(1490,6,501,'2005-07-18',1,4),(1513,33,244,'2005-10-25',1,2),(1127,34,277,'2005-06-07',1,6),(1249,25,379,'2005-08-23',1,6),(1272,2,411,'2005-01-28',1,2),(1306,18,456,'2005-12-13',1,8),(1324,9,469,'2005-09-14',1,4),(1393,33,514,'2005-07-11',1,7),(1471,7,195,'2005-10-14',1,2),(1127,34,277,'2005-05-04',1,8),(1152,32,289,'2005-07-27',1,3),(1370,6,501,'2006-04-07',1,2),(1439,12,142,'2005-06-27',1,9),(1165,7,289,'2005-08-09',1,10),(1406,19,244,'2005-10-11',1,3),(1421,22,277,'2004-11-05',1,3),(1357,14,330,'2006-01-27',1,5),(1421,26,411,'2005-12-19',1,7),(1267,14,330,'2005-09-16',1,9),(1376,25,501,'2005-04-06',1,5),(1498,22,277,'2006-01-09',1,4),(1180,14,330,'2006-04-18',1,6),(1370,2,456,'2005-07-13',1,6),(1450,25,501,'2005-10-25',1,2),(1259,1,166,'2006-01-09',1,10),(1441,27,122,'2005-05-10',1,7),(1222,7,244,'2005-06-22',1,2),(1132,26,456,'2005-08-05',1,8),(1312,10,514,'2005-07-15',1,4),(1434,1,166,'2005-10-21',1,7),(1132,10,232,'2005-10-04',1,3),(1393,21,371,'2005-08-22',1,1),(1312,10,514,'2005-09-15',1,5),(1393,27,122,'2006-05-15',1,1),(1331,7,244,'2005-09-01',1,9),(1133,32,256,'2005-11-02',1,3),(1307,17,514,'2005-06-22',1,8),(1363,31,191,'2005-12-01',1,9),(1414,32,289,'2006-01-13',1,4),(1471,25,379,'2005-05-12',1,9),(1324,9,469,'2005-08-16',1,4),(1312,26,411,'2005-05-10',1,10),(1450,25,501,'2005-09-12',1,1),(1441,27,122,'2006-04-12',1,3),(1434,1,166,'2005-04-29',1,8),(1483,1,166,'2005-12-09',1,5),(1172,15,289,'2005-11-18',1,7),(1197,34,375,'2006-01-24',1,3),(1312,24,465,'2005-10-31',1,9),(1513,33,244,'2005-12-30',1,8),(1180,14,330,'2006-05-09',1,5),(1450,25,501,'2005-12-01',1,7),(1312,10,514,'2006-07-17',1,3),(1441,10,514,'2005-11-08',1,9),(1197,34,375,'2005-10-03',1,1),(1400,25,142,'2006-02-17',1,5),(1513,33,244,'2006-04-17',1,3),(1180,14,330,'2006-05-05',1,6),(1421,26,411,'2005-06-23',1,3),(1450,25,501,'2005-11-15',1,4),(1312,10,514,'2006-05-01',1,9),(1312,12,501,'2006-05-15',1,7),(1441,10,514,'2005-08-05',1,6),(1312,24,465,'2005-10-19',1,8),(1400,25,142,'2006-01-13',1,2),(1180,14,330,'2005-09-13',1,3),(1421,26,411,'2005-10-21',1,7),(1312,12,501,'2005-11-09',1,7),(1159,25,460,'2005-07-25',1,7),(1172,10,379,'2005-02-01',1,1),(1165,7,289,'2005-09-13',1,3),(1259,1,166,'2005-08-04',1,9),(1172,2,334,'2005-08-30',1,2),(1159,25,460,'2005-11-08',1,6),(1172,10,379,'2005-12-07',1,6),(1165,7,289,'2006-06-20',1,10),(1259,1,166,'2005-09-28',1,5),(1172,2,334,'2005-07-22',1,1),(1159,25,460,'2005-12-08',1,10),(1172,2,334,'2005-10-21',1,7),(1172,10,379,'2005-12-21',1,7),(1165,7,289,'2006-05-05',1,1),(1259,1,166,'2006-01-20',1,4),(1172,2,334,'2006-04-14',1,5),(1351,2,334,'2005-05-13',1,2),(1173,26,456,'2005-09-16',1,2),(1312,12,501,'2005-08-26',1,6),(1331,7,244,'2006-01-18',1,3),(1441,13,277,'2005-08-30',1,7),(1386,29,391,'2005-12-19',1,6),(1331,12,501,'2005-04-07',1,10),(1172,15,289,'2005-05-03',1,2),(1441,10,514,'2005-08-09',1,6),(1196,21,334,'2006-05-09',1,6),(1363,31,191,'2005-08-19',1,3),(1471,25,379,'2005-09-05',1,2),(1439,12,142,'2005-07-05',1,2),(1406,19,244,'2005-07-19',1,9),(1357,14,330,'2005-11-18',1,6),(1312,26,411,'2005-12-26',1,9),(1450,25,501,'2005-11-10',1,8),(1441,27,122,'2005-07-14',1,4),(1434,1,166,'2005-10-24',1,3),(1483,1,166,'2006-02-13',1,4);

/*Table structure for table `odjel` */

DROP TABLE IF EXISTS `odjel`;

CREATE TABLE `odjel` (
  `sifOdjel` int(11) default NULL,
  `nazivOdjel` varchar(50) collate cp1250_croatian_ci default NULL,
  `sifNadOdjel` int(11) default NULL,
  UNIQUE KEY `sifOdjel` (`sifOdjel`)
) ENGINE=InnoDB DEFAULT CHARSET=cp1250 COLLATE=cp1250_croatian_ci CHECKSUM=1 DELAY_KEY_WRITE=1 ROW_FORMAT=DYNAMIC;

/*Data for the table `odjel` */

insert  into `odjel`(`sifOdjel`,`nazivOdjel`,`sifNadOdjel`) values (1,'Auto centar kod veselog Zagorca',NULL),(2,'Limarija',1),(3,'Elektrika',1),(4,'Vulkanizacija',1),(5,'Optika',1),(6,'Mehanika',1),(7,'Bojanje',2),(8,'Ravnanje',2),(9,'Zaštita od korozije',2),(10,'Zamjena Lima',2),(11,'Elektropokretači',3),(12,'Dijagnostika',3),(13,'Klima',3),(14,'Alarmi',3),(15,'Skladište',4),(16,'Balansiranje',4),(17,'Zamjena guma',4),(18,'Popravak guma',4),(19,'Balansiranje guma',5),(20,'Amortizeri',5),(21,'Osovinski sustav',5),(22,'Mulde',5),(23,'Mjenjači',6),(24,'Laki motori',6),(26,'Teški motori',6),(27,'Kvačila',6);

/*Table structure for table `radionica` */

DROP TABLE IF EXISTS `radionica`;

CREATE TABLE `radionica` (
  `oznRadionica` varchar(50) collate cp1250_croatian_ci default NULL,
  `kapacitetRadnika` int(11) default NULL,
  UNIQUE KEY `oznRadionica` (`oznRadionica`)
) ENGINE=InnoDB DEFAULT CHARSET=cp1250 COLLATE=cp1250_croatian_ci CHECKSUM=1 DELAY_KEY_WRITE=1 ROW_FORMAT=DYNAMIC;

/*Data for the table `radionica` */

insert  into `radionica`(`oznRadionica`,`kapacitetRadnika`) values ('R3',3),('R4',3),('R5',4),('R6',5),('R7',3),('R8',3),('R9',2),('R10',2),('R11',2),('R12',4),('R13',5),('R14',5),('R22',6),('R25',6),('R19',6),('R20',2),('R23',2),('R24',3),('R18',2),('R21',5),('R15',4),('R16',6),('R17',2),('R1',3),('R2',3),('R26',1);

/*Table structure for table `radnik` */

DROP TABLE IF EXISTS `radnik`;

CREATE TABLE `radnik` (
  `sifRadnik` int(11) default NULL,
  `imeRadnik` varchar(50) collate cp1250_croatian_ci default NULL,
  `prezimeRadnik` varchar(50) collate cp1250_croatian_ci default NULL,
  `pbrStan` int(11) default NULL,
  `sifOdjel` int(11) default NULL,
  `KoefPlaca` decimal(3,2) default NULL,
  `IznosOsnovice` decimal(6,2) default NULL,
  UNIQUE KEY `sifRadnik` (`sifRadnik`)
) ENGINE=InnoDB DEFAULT CHARSET=cp1250 COLLATE=cp1250_croatian_ci CHECKSUM=1 DELAY_KEY_WRITE=1 ROW_FORMAT=DYNAMIC;

/*Data for the table `radnik` */

insert  into `radnik`(`sifRadnik`,`imeRadnik`,`prezimeRadnik`,`pbrStan`,`sifOdjel`,`KoefPlaca`,`IznosOsnovice`) values (122,'Tin','Grabovac',49000,19,'1.38','2200.00'),(126,'Zdravko','Budišin',53000,27,'0.56','2200.00'),(130,'Antun Ivan','Jonjić',10000,13,'2.69','2200.00'),(134,'Želimir','Somrak',33000,8,'1.74','2200.00'),(138,'David','Petković',35000,18,'2.63','2200.00'),(142,'Alan','Ostojčić',10000,2,'1.92','2200.00'),(146,'Franjo','Vidaković',20000,17,'1.72','2200.00'),(150,'Ana','Kukec',20000,24,'1.84','2200.00'),(154,'Žarko','Dubinko',10000,24,'0.04','2200.00'),(158,'Davorka','Volarić',10000,10,'0.69','2200.00'),(162,'Želimir','Prester',34550,20,'0.34','2200.00'),(166,'Nino','Lipec',10000,15,'0.63','2200.00'),(171,'Dinko','Žubrinić',10000,15,'0.12','2200.00'),(175,'Željko','Kovačević',10000,18,'0.70','2200.00'),(179,'Adrijan','Dugonjić',21000,3,'0.15','2200.00'),(183,'Dino','Parlov',21000,2,'0.64','2200.00'),(187,'Gordana','Hočevar',10000,26,'1.76','2200.00'),(191,'Davorka','Vidović',10000,11,'1.88','2200.00'),(195,'Lovre','Đeri',20000,20,'2.12','2200.00'),(199,'Marko','Pepelnjak',10000,10,'0.98','2200.00'),(203,'Ivana','Sokol',10000,15,'1.51','2200.00'),(207,'Mijo','Marović',51000,19,'2.61','2200.00'),(211,'Julija','Studen',10000,17,'0.52','2200.00'),(215,'Petar','Kruljac',33000,2,'0.76','2200.00'),(220,'Katarina','Glavaš',10000,12,'0.26','2200.00'),(224,'Lovro','Martinović',10000,6,'2.03','2200.00'),(228,'Renata','Santo',22000,3,'0.34','2200.00'),(232,'Dubravko','Josipović',10000,4,'0.61','2200.00'),(236,'Robert','Pavlović',20000,19,'2.05','2200.00'),(240,'Želimir','Bereček',21000,11,'0.42','2200.00'),(244,'Zlatko','Tomašek',10000,22,'1.96','2200.00'),(248,'Sandra','Stanojević',31410,4,'0.51','2200.00'),(252,'Edita','Pavić',21265,7,'1.69','2200.00'),(256,'Sanja','Watz',10000,13,'0.92','2200.00'),(260,'Božidar','Došen',21275,23,'1.51','2200.00'),(264,'Marko','Kovačević',10000,10,'2.80','2200.00'),(269,'Marija','Novokmet',32000,8,'0.45','2200.00'),(273,'Davor','Režan',10000,24,'0.88','2200.00'),(277,'Silvije','Szekeres',21000,5,'2.04','2200.00'),(281,'Dubravko','Kirinčić',10000,25,'2.58','2200.00'),(285,'Iva','Frančišković',10000,6,'2.76','2200.00'),(289,'Marina','Carek',10000,3,'2.07','2200.00'),(293,'Mirna','Rakić',21000,22,'1.08','2200.00'),(297,'Alen','Pisac',10000,1,'0.20','2200.00'),(301,'Stanislav','Krznarić',10000,26,'2.74','2200.00'),(305,'Nikolina','Horvat',31000,9,'2.08','2200.00'),(309,'Lovre','Rožić',35000,11,'0.21','2200.00'),(313,'Marko','Trajbar',43000,1,'0.82','2200.00'),(318,'Nino','Gvozdić',10000,9,'0.44','2200.00'),(322,'Ana','Juretić',32000,16,'0.74','2200.00'),(326,'Sunčica','Pleško',34000,19,'0.40','2200.00'),(330,'Vinko','Kecman',10000,2,'1.79','2200.00'),(334,'Sandra','Mihaljević',10000,13,'0.75','2200.00'),(338,'Petar','Petrović',20000,4,'0.36','2200.00'),(342,'Tin','Mandić',10000,27,'0.56','2200.00'),(346,'Anđelko','Puzak',48260,19,'0.72','2200.00'),(350,'Vjeran','Kovačić',10000,2,'1.91','2200.00'),(354,'Tamara','Križanić',10000,9,'1.41','2200.00'),(358,'Aljoša','Marijanić',31000,15,'1.30','2200.00'),(362,'Tanja','Crnić',34000,12,'0.27','2200.00'),(367,'Tanja','Petrović',10000,14,'1.45','2200.00'),(371,'Božidar','Mužar',10000,24,'2.44','2200.00'),(375,'Tina','Švaljek',10000,16,'2.83','2200.00'),(379,'Mia','Stojić',21000,4,'0.86','2200.00'),(383,'Mihael','Schildenfeld',10000,20,'1.78','2200.00'),(387,'Tina','Madunić',21000,2,'2.34','2200.00'),(391,'Marko','Hazdovac',10000,2,'2.35','2200.00'),(395,'Nino','Zajc',51000,11,'0.74','2200.00'),(399,'Tino','Zerec',31000,7,'2.63','2200.00'),(403,'Aurelija','Jurić',34000,6,'2.94','2200.00'),(407,'Gregor','Krmpotić',32100,11,'2.82','2200.00'),(411,'Kristian','Damjančić',48000,6,'2.25','2200.00'),(416,'Željka','Bello',10000,7,'0.82','2200.00'),(420,'Bernard','Jurjević',33000,25,'0.33','2200.00'),(424,'Blaž','Bartolović',10000,2,'1.18','2200.00'),(428,'Mirna','Ban',10000,23,'2.92','2200.00'),(432,'Bojan','Bračić',10000,17,'2.06','2200.00'),(436,'Karla','Glasnović',31500,27,'2.53','2200.00'),(440,'Miroslav','Pongrac',51550,6,'2.49','2200.00'),(444,'Ilija','Marasović',10000,5,'1.84','2200.00'),(448,'Mladen','Butković',10000,23,'2.74','2200.00'),(452,'Viktor','Kuzmić',31000,17,'0.18','2200.00'),(456,'Slavica','Haban',10000,22,'0.66','2200.00'),(460,'Ivana','Košanski',10000,15,'0.79','2200.00'),(465,'Vinko','Belošević',10000,6,'1.94','2200.00'),(469,'Ivana','Dumančić',10000,2,'2.35','2200.00'),(473,'Ive','Pisarović',10000,17,'0.92','2200.00'),(477,'Gordan','Štampar',21000,13,'1.57','2200.00'),(481,'Iva','Habuš',10000,4,'1.09','2200.00'),(485,'Ivo','Lovrić',10000,1,'2.73','2200.00'),(489,'Vladimir','Vinković',10000,11,'2.40','2200.00'),(493,'Vlado','Burela',31000,27,'0.79','2200.00'),(497,'Hrvoje','Mandić',42000,12,'1.73','2200.00'),(501,'Davorin','Rodinis',48000,3,'1.32','2200.00'),(505,'Jerko','Zovko',52000,9,'1.38','2200.00'),(509,'Petar','Posavčević',10000,14,'1.96','2200.00'),(514,'Damjan','Dolar',10000,6,'0.66','2200.00'),(518,'Josipa','Prokopić',21000,7,'2.40','2200.00');

/*Table structure for table `rezervacija` */

DROP TABLE IF EXISTS `rezervacija`;

CREATE TABLE `rezervacija` (
  `oznRadionica` varchar(50) collate cp1250_croatian_ci default NULL,
  `datVrstaDan` varchar(50) collate cp1250_croatian_ci default NULL,
  `satServis` int(11) default NULL,
  `sifKvar` varchar(50) collate cp1250_croatian_ci default NULL,
  UNIQUE KEY `oznRadionica` (`oznRadionica`,`datVrstaDan`,`sifKvar`)
) ENGINE=InnoDB DEFAULT CHARSET=cp1250 COLLATE=cp1250_croatian_ci CHECKSUM=1 DELAY_KEY_WRITE=1 ROW_FORMAT=DYNAMIC;

/*Data for the table `rezervacija` */

insert  into `rezervacija`(`oznRadionica`,`datVrstaDan`,`satServis`,`sifKvar`) values ('R22','PO',9,'33'),('R23','PO',4,'33'),('R24','PO',4,'33'),('R22','SR',5,'33'),('R23','SR',6,'33'),('R24','SR',7,'33'),('R3','PO',8,'32'),('R3','UT',4,'32'),('R4','CE',3,'19'),('R3','CE',2,'19'),('R12','CE',4,'29'),('R13','CE',10,'29'),('R12','PE',4,'29'),('R13','PE',5,'29'),('R10','SR',5,'35'),('R11','SR',6,'35'),('R22','CE',10,'29'),('R3','CE',7,'29'),('R22','PO',10,'17'),('R22','PO',2,'16'),('R24','PO',9,'34'),('R22','SR',1,'32'),('R23','SR',4,'30'),('R24','SR',3,'26'),('R3','PO',4,'15'),('R3','PO',7,'14'),('R3','UT',5,'13'),('R3','UT',6,'10'),('R3','UT',6,'7'),('R4','CE',1,'6'),('R3','CE',8,'4'),('R13','CE',7,'1'),('R10','SR',6,'3'),('R22','CE',1,'17'),('R3','CE',5,'20'),('R23','PO',5,'32'),('R22','SR',4,'4'),('R24','SR',5,'29'),('R3','PO',9,'30'),('R3','PO',8,'31'),('R3','UT',4,'35'),('R3','UT',9,'24'),('R3','CE',3,'30'),('R22','PO',6,'10'),('R22','PO',4,'11'),('R23','PO',6,'12'),('R23','PO',1,'13'),('R24','PO',1,'14'),('R24','PO',10,'18'),('R23','SR',2,'20'),('R3','UT',8,'31'),('R4','CE',10,'35'),('R13','PE',6,'9'),('R10','SR',8,'15'),('R11','SR',10,'31'),('R22','CE',10,'24'),('R22','PO',8,'4'),('R23','PO',9,'5'),('R24','PO',9,'6'),('R23','SR',3,'10'),('R24','SR',4,'14'),('R3','PO',5,'21'),('R3','PO',10,'13'),('R3','UT',9,'1'),('R4','CE',2,'32'),('R10','SR',7,'11'),('R10','SR',8,'27'),('R22','CE',9,'1'),('R23','PO',10,'21'),('R22','SR',7,'22'),('R24','SR',1,'2'),('R7','SR',4,'13');

/*Table structure for table `zupanija` */

DROP TABLE IF EXISTS `zupanija`;

CREATE TABLE `zupanija` (
  `sifZupanija` int(11) default NULL,
  `nazivZupanija` varchar(50) collate cp1250_croatian_ci default NULL,
  UNIQUE KEY `sifZupanija` (`sifZupanija`)
) ENGINE=InnoDB DEFAULT CHARSET=cp1250 COLLATE=cp1250_croatian_ci CHECKSUM=1 DELAY_KEY_WRITE=1 ROW_FORMAT=DYNAMIC;

/*Data for the table `zupanija` */

insert  into `zupanija`(`sifZupanija`,`nazivZupanija`) values (0,'Nepoznata županija'),(1,'Zagrebačka'),(2,'Krapinsko-zagorska'),(3,'Sisačko-moslavačka'),(4,'Karlovačka'),(5,'Varaždinska'),(6,'Koprivničko-križevačka'),(7,'Bjelovarsko-bilogorska'),(8,'Primorsko-goranska'),(9,'Ličko-senjska'),(10,'Virovitičko-podravska'),(11,'Požeško-slavonska'),(12,'Brodsko-posavska'),(13,'Zadarska'),(14,'Osječko-baranjska'),(15,'Šibensko-kninska'),(16,'Vukovarsko-srijemska'),(17,'Splitsko-dalmatinska'),(18,'Istarska'),(19,'Dubrovačko-neretvanska'),(20,'Međimurska'),(21,'Grad Zagreb');

/*!40101 SET SQL_MODE=@OLD_SQL_MODE */;
/*!40014 SET FOREIGN_KEY_CHECKS=@OLD_FOREIGN_KEY_CHECKS */;
/*!40014 SET UNIQUE_CHECKS=@OLD_UNIQUE_CHECKS */;
/*!40111 SET SQL_NOTES=@OLD_SQL_NOTES */;
